email,password
user_v11@example.com,1234
user_v12@example.com,1234
user_v13@example.com,1234
user_v14@example.com,1234
user_v15@example.com,1234
user_v16@example.com,1234
user_v17@example.com,1234
user_v18@example.com,1234
user_v19@example.com,1234
user_v110@example.com,1234
user_v111@example.com,1234
user_v112@example.com,1234
user_v113@example.com,1234
user_v114@example.com,1234
user_v115@example.com,1234
user_v116@example.com,1234
user_v117@example.com,1234
user_v118@example.com,1234
user_v119@example.com,1234
user_v120@example.com,1234
user_v121@example.com,1234
user_v122@example.com,1234
user_v123@example.com,1234
user_v124@example.com,1234
user_v125@example.com,1234
user_v126@example.com,1234
user_v127@example.com,1234
user_v128@example.com,1234
user_v129@example.com,1234
user_v130@example.com,1234
user_v131@example.com,1234
user_v132@example.com,1234
user_v133@example.com,1234
user_v134@example.com,1234
user_v135@example.com,1234
user_v136@example.com,1234
user_v137@example.com,1234
user_v138@example.com,1234
user_v139@example.com,1234
user_v140@example.com,1234
user_v141@example.com,1234
user_v142@example.com,1234
user_v143@example.com,1234
user_v144@example.com,1234
user_v145@example.com,1234
user_v146@example.com,1234
user_v147@example.com,1234
user_v148@example.com,1234
user_v149@example.com,1234
user_v150@example.com,1234
user_v151@example.com,1234
user_v152@example.com,1234
user_v153@example.com,1234
user_v154@example.com,1234
user_v155@example.com,1234
user_v156@example.com,1234
user_v157@example.com,1234
user_v158@example.com,1234
user_v159@example.com,1234
user_v160@example.com,1234
user_v161@example.com,1234
user_v162@example.com,1234
user_v163@example.com,1234
user_v164@example.com,1234
user_v165@example.com,1234
user_v166@example.com,1234
user_v167@example.com,1234
user_v168@example.com,1234
user_v169@example.com,1234
user_v170@example.com,1234
user_v171@example.com,1234
user_v172@example.com,1234
user_v173@example.com,1234
user_v174@example.com,1234
user_v175@example.com,1234
user_v176@example.com,1234
user_v177@example.com,1234
user_v178@example.com,1234
user_v179@example.com,1234
user_v180@example.com,1234
user_v181@example.com,1234
user_v182@example.com,1234
user_v183@example.com,1234
user_v184@example.com,1234
user_v185@example.com,1234
user_v186@example.com,1234
user_v187@example.com,1234
user_v188@example.com,1234
user_v189@example.com,1234
user_v190@example.com,1234
user_v191@example.com,1234
user_v192@example.com,1234
user_v193@example.com,1234
user_v194@example.com,1234
user_v195@example.com,1234
user_v196@example.com,1234
user_v197@example.com,1234
user_v198@example.com,1234
user_v199@example.com,1234
user_v1100@example.com,1234
